<?xml version="1.0"?>
<readings>
	<reading clientID="583ef6329df6b" period="2016-01">37232</reading>
	<reading clientID="583ef6329df6b" period="2016-02">36537</reading>
	<reading clientID="583ef6329df6b" period="2016-03">36430</reading>
	<reading clientID="583ef6329df6b" period="2016-04">36622</reading>
	<reading clientID="583ef6329df6b" period="2016-05">37776</reading>
	<reading clientID="583ef6329df6b" period="2016-06">35382</reading>
	<reading clientID="583ef6329df6b" period="2016-07">37970</reading>
	<reading clientID="583ef6329df6b" period="2016-08">38463</reading>
	<reading clientID="583ef6329df6b" period="2016-09">35252</reading>
	<reading clientID="583ef6329df6b" period="2016-10">35704</reading>
	<reading clientID="583ef6329df6b" period="2016-11">38220</reading>
	<reading clientID="583ef6329df6b" period="2016-12">36688</reading>
	<reading clientID="583ef6329e237" period="2016-01">30622</reading>
	<reading clientID="583ef6329e237" period="2016-02">31072</reading>
	<reading clientID="583ef6329e237" period="2016-03">29070</reading>
	<reading clientID="583ef6329e237" period="2016-04">30056</reading>
	<reading clientID="583ef6329e237" period="2016-05">31746</reading>
	<reading clientID="583ef6329e237" period="2016-06">30560</reading>
	<reading clientID="583ef6329e237" period="2016-07">32006</reading>
	<reading clientID="583ef6329e237" period="2016-08">30209</reading>
	<reading clientID="583ef6329e237" period="2016-09">30015</reading>
	<reading clientID="583ef6329e237" period="2016-10">29554</reading>
	<reading clientID="583ef6329e237" period="2016-11">1379</reading>
	<reading clientID="583ef6329e237" period="2016-12">29597</reading>
	<reading clientID="583ef6329e271" period="2016-01">21921</reading>
	<reading clientID="583ef6329e271" period="2016-02">21732</reading>
	<reading clientID="583ef6329e271" period="2016-03">20403</reading>
	<reading clientID="583ef6329e271" period="2016-04">21068</reading>
	<reading clientID="583ef6329e271" period="2016-05">20500</reading>
	<reading clientID="583ef6329e271" period="2016-06">21590</reading>
	<reading clientID="583ef6329e271" period="2016-07">21852</reading>
	<reading clientID="583ef6329e271" period="2016-08">21223</reading>
	<reading clientID="583ef6329e271" period="2016-09">22424</reading>
	<reading clientID="583ef6329e271" period="2016-10">121208</reading>
	<reading clientID="583ef6329e271" period="2016-11">21338</reading>
	<reading clientID="583ef6329e271" period="2016-12">21892</reading>
	<reading clientID="583ef6329e2aa" period="2016-01">30807</reading>
	<reading clientID="583ef6329e2aa" period="2016-02">31984</reading>
	<reading clientID="583ef6329e2aa" period="2016-03">29652</reading>
	<reading clientID="583ef6329e2aa" period="2016-04">32064</reading>
	<reading clientID="583ef6329e2aa" period="2016-05">29705</reading>
	<reading clientID="583ef6329e2aa" period="2016-06">31300</reading>
	<reading clientID="583ef6329e2aa" period="2016-07">31075</reading>
	<reading clientID="583ef6329e2aa" period="2016-08">29782</reading>
	<reading clientID="583ef6329e2aa" period="2016-09">32375</reading>
	<reading clientID="583ef6329e2aa" period="2016-10">30769</reading>
	<reading clientID="583ef6329e2aa" period="2016-11">31367</reading>
	<reading clientID="583ef6329e2aa" period="2016-12">32332</reading>
	<reading clientID="583ef6329e2e2" period="2016-01">56667</reading>
	<reading clientID="583ef6329e2e2" period="2016-02">52130</reading>
	<reading clientID="583ef6329e2e2" period="2016-03">54778</reading>
	<reading clientID="583ef6329e2e2" period="2016-04">52326</reading>
	<reading clientID="583ef6329e2e2" period="2016-05">52326</reading>
	<reading clientID="583ef6329e2e2" period="2016-06">53263</reading>
	<reading clientID="583ef6329e2e2" period="2016-07">55743</reading>
	<reading clientID="583ef6329e2e2" period="2016-08">52394</reading>
	<reading clientID="583ef6329e2e2" period="2016-09">55005</reading>
	<reading clientID="583ef6329e2e2" period="2016-10">56055</reading>
	<reading clientID="583ef6329e2e2" period="2016-11">55453</reading>
	<reading clientID="583ef6329e2e2" period="2016-12">53315</reading>
	<reading clientID="583ef6329e339" period="2016-01">31144</reading>
	<reading clientID="583ef6329e339" period="2016-02">31260</reading>
	<reading clientID="583ef6329e339" period="2016-03">31142</reading>
	<reading clientID="583ef6329e339" period="2016-04">30247</reading>
	<reading clientID="583ef6329e339" period="2016-05">29041</reading>
	<reading clientID="583ef6329e339" period="2016-06">29514</reading>
	<reading clientID="583ef6329e339" period="2016-07">29780</reading>
	<reading clientID="583ef6329e339" period="2016-08">29324</reading>
	<reading clientID="583ef6329e339" period="2016-09">29125</reading>
	<reading clientID="583ef6329e339" period="2016-10">30115</reading>
	<reading clientID="583ef6329e339" period="2016-11">31232</reading>
	<reading clientID="583ef6329e339" period="2016-12">30812</reading>
	<reading clientID="583ef6329e372" period="2016-01">41202</reading>
	<reading clientID="583ef6329e372" period="2016-02">38550</reading>
	<reading clientID="583ef6329e372" period="2016-03">38952</reading>
	<reading clientID="583ef6329e372" period="2016-04">41039</reading>
	<reading clientID="583ef6329e372" period="2016-05">41987</reading>
	<reading clientID="583ef6329e372" period="2016-06">38877</reading>
	<reading clientID="583ef6329e372" period="2016-07">41614</reading>
	<reading clientID="583ef6329e372" period="2016-08">40503</reading>
	<reading clientID="583ef6329e372" period="2016-09">39598</reading>
	<reading clientID="583ef6329e372" period="2016-10">42336</reading>
	<reading clientID="583ef6329e372" period="2016-11">41923</reading>
	<reading clientID="583ef6329e372" period="2016-12">38833</reading>
	<reading clientID="583ef6329e3ab" period="2016-01">27596</reading>
	<reading clientID="583ef6329e3ab" period="2016-02">28771</reading>
	<reading clientID="583ef6329e3ab" period="2016-03">28628</reading>
	<reading clientID="583ef6329e3ab" period="2016-04">28588</reading>
	<reading clientID="583ef6329e3ab" period="2016-05">26749</reading>
	<reading clientID="583ef6329e3ab" period="2016-06">27836</reading>
	<reading clientID="583ef6329e3ab" period="2016-07">27899</reading>
	<reading clientID="583ef6329e3ab" period="2016-08">28697</reading>
	<reading clientID="583ef6329e3ab" period="2016-09">26238</reading>
	<reading clientID="583ef6329e3ab" period="2016-10">27959</reading>
	<reading clientID="583ef6329e3ab" period="2016-11">6440</reading>
	<reading clientID="583ef6329e3ab" period="2016-12">26962</reading>
	<reading clientID="583ef6329e3e3" period="2016-01">50902</reading>
	<reading clientID="583ef6329e3e3" period="2016-02">53606</reading>
	<reading clientID="583ef6329e3e3" period="2016-03">52789</reading>
	<reading clientID="583ef6329e3e3" period="2016-04">54065</reading>
	<reading clientID="583ef6329e3e3" period="2016-05">51025</reading>
	<reading clientID="583ef6329e3e3" period="2016-06">51283</reading>
	<reading clientID="583ef6329e3e3" period="2016-07">54360</reading>
	<reading clientID="583ef6329e3e3" period="2016-08">51843</reading>
	<reading clientID="583ef6329e3e3" period="2016-09">54816</reading>
	<reading clientID="583ef6329e3e3" period="2016-10">53875</reading>
	<reading clientID="583ef6329e3e3" period="2016-11">52563</reading>
	<reading clientID="583ef6329e3e3" period="2016-12">53846</reading>
	<reading clientID="583ef6329e41b" period="2016-01">33024</reading>
	<reading clientID="583ef6329e41b" period="2016-02">32776</reading>
	<reading clientID="583ef6329e41b" period="2016-03">30994</reading>
	<reading clientID="583ef6329e41b" period="2016-04">33428</reading>
	<reading clientID="583ef6329e41b" period="2016-05">133369</reading>
	<reading clientID="583ef6329e41b" period="2016-06">32805</reading>
	<reading clientID="583ef6329e41b" period="2016-07">33410</reading>
	<reading clientID="583ef6329e41b" period="2016-08">33185</reading>
	<reading clientID="583ef6329e41b" period="2016-09">32572</reading>
	<reading clientID="583ef6329e41b" period="2016-10">31033</reading>
	<reading clientID="583ef6329e41b" period="2016-11">32075</reading>
	<reading clientID="583ef6329e41b" period="2016-12">31537</reading>
</readings>